{
  "route_number": 2,
  "start_node": 1431040221,
  "end_node": 10099982212,
  "route_nodes": [
    1431040221,
    1431040130,
    1431040058,
    1431039839,
    1431039369,
    1431039187,
    1431038882,
    1429078551,
    1429078519,
    1429078507,
    1429078464,
    1429078435,
    1429078403,
    1429078407,
    1429078380,
    11902702279,
    1429142092,
    1429142090,
    11902702272,
    1428312562,
    11840890096,
    11840890106,
    11840890101,
    11840890086,
    1428312464,
    1428312454,
    1428312445,
    1428312438,
    1428312388,
    1428312367,
    10669300901,
    10669347316,
    10669347315,
    1428280415,
    1428280375,
    11722018569,
    1428088333,
    1428088322,
    1428088294,
    1428088304,
    1428104918,
    1428088138,
    1428104805,
    11401103386,
    11401103458,
    11401103457,
    11401103456,
    11401103461,
    11401100464,
    9186839560,
    6474552739,
    6474552737,
    6474552736,
    3896593370,
    3896593368,
    3896593366,
    3896593362,
    3896593361,
    3896593360,
    10099982212
  ],
  "route_points": [
    [
      670312.8708873695,
      3402172.672655995
    ],
    [
      670272.8347221543,
      3402143.3760893815
    ],
    [
      670246.2698456149,
      3402123.9506166438
    ],
    [
      670167.7017270655,
      3402066.4686195706
    ],
    [
      670274.5515366765,
      3401923.584031045
    ],
    [
      670274.5515366765,
      3401923.584031045
    ],
    [
      670134.4189172331,
      3401817.205636895
    ],
    [
      670112.019091336,
      3401800.197150761
    ],
    [
      670112.019091336,
      3401800.197150761
    ],
    [
      670141.7580134528,
      3401761.463632453
    ],
    [
      670149.0535206352,
      3401751.955454723
    ],
    [
      670160.3292106448,
      3401737.2660593614
    ],
    [
      670189.8534257845,
      3401698.80643681
    ],
    [
      670288.6472349834,
      3401570.107905602
    ],
    [
      670322.847108749,
      3401525.558203439
    ],
    [
      670326.8347816435,
      3401518.104232695
    ],
    [
      670334.0891578075,
      3401504.5707772365
    ],
    [
      670335.7183665365,
      3401500.2836339264
    ],
    [
      670338.1284955798,
      3401490.243429002
    ],
    [
      670338.6675713471,
      3401484.6417518235
    ],
    [
      670337.8559531518,
      3401481.46895232
    ],
    [
      670336.2000283025,
      3401478.9923445587
    ],
    [
      670341.2570562415,
      3401472.3536482686
    ],
    [
      670341.2570562415,
      3401472.3536482686
    ],
    [
      670349.2386776243,
      3401461.8807870527
    ],
    [
      670367.2046173685,
      3401449.9255149383
    ],
    [
      670382.2452881208,
      3401444.86454695
    ],
    [
      670382.2452881208,
      3401444.86454695
    ],
    [
      670389.0162238402,
      3401444.894452622
    ],
    [
      670394.7991847367,
      3401443.8110183696
    ],
    [
      670398.4970297458,
      3401442.5503378147
    ],
    [
      670403.0639727567,
      3401440.2390677556
    ],
    [
      670403.0639727567,
      3401440.2390677556
    ],
    [
      670407.5886055409,
      3401436.973609066
    ],
    [
      670414.8743467367,
      3401428.108504247
    ],
    [
      670416.5173595598,
      3401424.7640213664
    ],
    [
      670417.8096091235,
      3401421.192219308
    ],
    [
      670417.8096091235,
      3401421.192219308
    ],
    [
      670418.7079420977,
      3401415.285801853
    ],
    [
      670419.1574609583,
      3401412.310423896
    ],
    [
      670418.5207947068,
      3401405.3595842915
    ],
    [
      670416.4980669048,
      3401398.8413158716
    ],
    [
      670416.4980669048,
      3401398.8413158716
    ],
    [
      670413.1364477214,
      3401392.8007183797
    ],
    [
      670410.2428832708,
      3401389.251138479
    ],
    [
      670402.7147658775,
      3401383.221988388
    ],
    [
      670392.022597173,
      3401379.215948166
    ],
    [
      670392.022597173,
      3401379.215948166
    ],
    [
      670383.9092454852,
      3401378.676880566
    ],
    [
      670378.1398748881,
      3401379.50552773
    ],
    [
      670375.0514160917,
      3401380.3878323683
    ],
    [
      670373.2667838507,
      3401381.1910528555
    ],
    [
      670373.2667838507,
      3401381.1910528555
    ],
    [
      670352.6473548984,
      3401374.466240595
    ],
    [
      670335.9743994217,
      3401365.298359327
    ],
    [
      670335.9743994217,
      3401365.298359327
    ],
    [
      669905.3314836015,
      3401042.86835399
    ],
    [
      669891.2763293693,
      3401032.2458704477
    ],
    [
      669858.8592089664,
      3401007.761804422
    ],
    [
      669851.7003891043,
      3401002.5704775946
    ],
    [
      669807.0027361697,
      3400969.088844969
    ],
    [
      669807.0027361697,
      3400969.088844969
    ],
    [
      669520.693182954,
      3400754.601149187
    ],
    [
      669385.2658566256,
      3400654.517317219
    ],
    [
      669385.2658566256,
      3400654.517317219
    ],
    [
      669376.1697081486,
      3400648.2424659915
    ],
    [
      669364.9555676997,
      3400636.579013481
    ],
    [
      669356.2362195023,
      3400622.2052771137
    ],
    [
      669356.2362195023,
      3400622.2052771137
    ],
    [
      669357.9848560244,
      3400609.116538878
    ],
    [
      669356.0357723766,
      3400596.0581542635
    ],
    [
      669350.5455825337,
      3400584.0304581504
    ],
    [
      669350.5455825337,
      3400584.0304581504
    ],
    [
      669341.9399072018,
      3400573.982595822
    ],
    [
      669330.886572792,
      3400566.690137231
    ],
    [
      669318.2390303176,
      3400562.698745098
    ],
    [
      669318.2390303176,
      3400562.698745098
    ],
    [
      669307.625718992,
      3400562.121095059
    ],
    [
      669297.1477098461,
      3400563.8961059265
    ],
    [
      669287.323686539,
      3400567.932171526
    ],
    [
      669287.323686539,
      3400567.932171526
    ],
    [
      669280.0788959492,
      3400566.9420091077
    ],
    [
      669266.9917550703,
      3400562.2785050217
    ],
    [
      669252.4890160692,
      3400553.23537153
    ],
    [
      669203.6057770522,
      3400521.941225853
    ],
    [
      669203.6057770522,
      3400521.941225853
    ],
    [
      669196.8839326059,
      3400499.926693629
    ],
    [
      669096.6010118554,
      3400425.5469939117
    ],
    [
      669177.4245861359,
      3400312.4880007342
    ],
    [
      669177.4245861359,
      3400312.4880007342
    ],
    [
      669146.8314497282,
      3400289.332301854
    ],
    [
      669112.3855267398,
      3400263.2665588134
    ],
    [
      669098.1772728794,
      3400252.520861266
    ],
    [
      668999.031761242,
      3400177.494957406
    ],
    [
      668976.1431546989,
      3400160.1710560704
    ],
    [
      669036.5318798877,
      3400080.1954607274
    ],
    [
      669036.5318798877,
      3400080.1954607274
    ],
    [
      669123.0806383108,
      3399965.60739554
    ],
    [
      669059.5891915141,
      3399919.537442725
    ],
    [
      669059.5891915141,
      3399919.537442725
    ],
    [
      669069.5142112342,
      3399887.828792582
    ],
    [
      669073.8871622748,
      3399854.6689736154
    ],
    [
      669081.6114953633,
      3399837.405709293
    ],
    [
      669097.1562898468,
      3399812.5931969187
    ],
    [
      669104.2714603962,
      3399802.99277445
    ],
    [
      669104.2714603962,
      3399802.99277445
    ],
    [
      669137.587257384,
      3399758.0041315956
    ],
    [
      669174.5541638925,
      3399709.292331103
    ],
    [
      669174.5541638925,
      3399709.292331103
    ],
    [
      669246.0808846762,
      3399616.9645485827
    ],
    [
      669276.0155086967,
      3399579.9280283484
